Season,Episode,Title
1,1,"Where Is Everybody?"
1,2,"One for the Angels"
1,3,"Mr. Denton on Doomsday"
1,4,"The Sixteen-Millimeter Shrine"
1,5,"Walking Distance"
1,6,"Escape Clause"
1,7,"The Lonely"
1,8,"Time Enough at Last"
1,9,"Perchance to Dream"
1,10,"Judgment Night"
1,11,"And When the Sky Was Opened"
1,12,"What You Need"
1,13,"The Four of Us Are Dying"
1,14,"Third from the Sun"
1,15,"I Shot an Arrow into the Air"
1,16,"The Hitch-Hiker"
1,17,"The Fever"
1,18,"The Last Flight"
1,19,"The Purple Testament"
1,20,"Elegy"
1,21,"Mirror Image"
1,22,"The Monsters Are Due on Maple Street"
1,23,"A World of Difference"
1,24,"Long Live Walter Jameson"
1,25,"People Are Alike All Over"
1,26,"Execution"
2,1,"King Nine Will Not Return"
2,2,"The Man in the Bottle"
2,3,"Nervous Man in a Four Dollar Room"
2,4,"A Thing About Machines"
2,5,"The Howling Man"
2,6,"The Eye of the Beholder"
2,7,"Nick of Time"
2,8,"The Lateness of the Hour"
2,9,"The Trouble with Templeton"
2,10,"A Most Unusual Camera"
2,11,"The Night of the Meek"
2,12,"Dust"
2,13,"Back There"
2,14,"The Whole Truth"
2,15,"The Invaders"
2,16,"A Penny for Your Thoughts"
2,17,"Twenty-Two"
2,18,"The Odyssey of Flight 33"
2,19,"Mr. Dingle, the Strong"
2,20,"Static"
2,21,"The Prime Mover"
2,22,"Long Distance Call"
2,23,"The Rip Van Winkle Caper"
2,24,"The Silence"
2,25,"Shadow Play"
2,26,"The Mind and the Matter"
3,1,"Two"
3,2,"The Arrival"
3,3,"The Shelter"
3,4,"The Passersby"
3,5,"A Game of Pool"
3,6,"The Mirror"
3,7,"The Grave"
3,8,"It's a Good Life"
3,9,"Deaths-Head Revisited"
3,10,"The Midnight Sun"
3,11,"Still Valley"
3,12,"The Jungle"
3,13,"Once Upon a Time"
3,14,"Five Characters in Search of an Exit"
3,15,"A Quality of Mercy"
3,16,"Nothing in the Dark"
3,17,"One More Pallbearer"
3,18,"Dead Man's Shoes"
3,19,"The Hunt"
3,20,"Showdown with Rance McGrew"
3,21,"Kick the Can"
3,22,"A Piano in the House"
3,23,"The Last Rites of Jeff Myrtlebank"
3,24,"To Serve Man"
3,25,"The Fugitive"
3,26,"Little Girl Lost"
4,1,"In His Image"
4,2,"The Thirty-Fathom Grave"
4,3,"Valley of the Shadow"
4,4,"He's Alive"
4,5,"Mute"
4,6,"Death Ship"
4,7,"Jess-Belle"
4,8,"Miniature"
4,9,"Printer's Devil"
4,10,"No Time Like the Past"
4,11,"The Parallel"
4,12,"I Dream of Genie"
4,13,"The New Exhibit"
4,14,"Of Late I Think of Cliffordville"
4,15,"The Incredible World of Horace Ford"
4,16,"On Thursday We Leave for Home"
4,17,"Passage on the Lady Anne"
4,18,"The Bard"
5,1,"In Praise of Pip"
5,2,"Steel"
5,3,"Nightmare at 20,000 Feet"
5,4,"A Kind of a Stopwatch"
5,5,"The Last Night of a Jockey"
5,6,"Living Doll"
5,7,"The Old Man in the Cave"
5,8,"Uncle Simon"
5,9,"Probe 7, Over and Out"
5,10,"The 7th Is Made Up of Phantoms"
5,11,"A Short Drink from a Certain Fountain"
5,12,"Ninety Years Without Slumbering"
5,13,"Ring-a-Ding Girl"
5,14,"You Drive"
5,15,"The Long Morrow"
5,16,"The Self-Improvement of Salvadore Ross"
5,17,"Number 12 Looks Just Like You"
5,18,"Black Leather Jackets"
5,19,"Night Call"
5,20,"From Agnes - With Love"
5,21,"Spur of the Moment"
5,22,"An Occurrence at Owl Creek Bridge"